{"cameraMode":{"drawMode":0,"name":"Shaded","section":"Shading Mode"},"sceneLighting":false,"audioPlay":false,"sceneViewState":{"m_AlwaysRefresh":false,"showFog":true,"showSkybox":false,"showFlares":true,"showImageEffects":true,"showParticleSystems":true,"showVisualEffectGraphs":true,"m_FxEnabled":true},"in2DMode":false,"pivot":{"x":-0.061036109924316409,"y":-2.180000066757202,"z":0.8600001335144043},"rotation":{"x":0.550049901008606,"y":-0.002518209395930171,"z":0.001628501107916236,"w":0.8351783752441406},"size":2.4844090938568117,"orthographic":false}